timestamp,tag,mode,action,result
2025-06-26 14:34:37,lint,ml,lstm-abort,fail
2025-07-13 07:53:21,lint,baseline,lstm-abort,fail
2025-07-13 07:53:27,lint,baseline,lstm-abort,fail
2025-07-13 07:54:18,lint,baseline,lstm-abort,fail
2025-08-01 06:53:32,lint,baseline,lstm-abort,fail
2025-08-01 08:30:23,lint,baseline,lstm-abort,fail
2025-08-01 08:51:30,lint,baseline,lstm-abort,fail
2025-08-21 23:45:35,lint,ml,rf-retry,fail
2025-08-22 00:33:00,lint,ml,rf-retry,fail
2025-08-22 01:07:22,lint,ml,rf-retry,fail
2025-08-23 07:50:20,lint,baseline,retry,success
2025-08-23 09:47:39,lint,baseline,retry,success
2025-08-23 11:04:59,functional,baseline,skip,success
2025-08-23 12:32:31,functional,ml,skip,success
2025-08-23 13:10:25,functional,ml,skip,success
2025-08-23 13:47:35,functional,ml,skip,success
2025-08-23 16:47:02,functional,ml,skip,success
2025-08-23 17:23:50,unit,ml,skip,success
2025-08-23 17:23:52,functional,ml,skip,success
2025-08-23 18:08:10,functional,ml,skip,success
2025-08-23 18:08:15,unit,ml,skip,success
2025-08-23 19:15:12,lint,baseline,retry,success
2025-08-23 21:18:43,lint,baseline,retry,success
2025-08-23 22:38:49,functional,ml,skip,success
2025-08-25 01:03:02,functional,ml,skip,success
2025-08-25 09:09:43,lint,baseline,retry,success
2025-08-25 10:26:01,lint,baseline,retry,success
2025-08-25 11:22:18,lint,baseline,retry,success
2025-08-25 13:16:17,unit,baseline,retry,fail
2025-08-25 14:26:28,unit,baseline,retry,fail
2025-08-25 15:06:49,functional,ml,skip,success
2025-08-25 15:20:12,functional,ml,skip,success
2025-08-25 16:16:30,functional,ml,skip,success
2025-08-25 19:17:33,functional,ml,skip,success
2025-08-25 20:13:14,unit,ml,skip,success
2025-08-25 20:13:15,functional,ml,skip,success
2025-08-25 20:59:28,functional,ml,skip,success
2025-08-25 20:59:35,unit,ml,skip,success
2025-08-26 13:59:38,lint,baseline,retry,success
2025-08-26 14:25:31,lint,baseline,retry,success
2025-08-26 15:29:15,lint,baseline,retry,success
2025-08-26 16:18:17,unit,baseline,retry,fail
2025-08-26 16:38:19,unit,baseline,retry,fail
2025-08-26 16:59:28,functional,ml,skip,success
2025-08-26 17:13:33,functional,ml,skip,success
2025-08-26 17:30:39,functional,ml,skip,success
2025-08-26 19:27:49,functional,ml,skip,success
2025-08-26 19:46:42,unit,ml,skip,success
2025-08-26 19:46:44,functional,ml,skip,success
2025-08-26 20:03:48,functional,ml,skip,success
2025-08-26 20:03:54,unit,ml,skip,success
